{"cameraMode":{"drawMode":0,"name":"Shaded","section":"Shading Mode"},"sceneLighting":true,"audioPlay":false,"sceneViewState":{"showFog":true,"showMaterialUpdate":false,"showSkybox":true,"showFlares":true,"showImageEffects":true,"showParticleSystems":true},"in2DMode":false,"pivot":{"x":-4.292477607727051,"y":1.3961684703826905,"z":1.728564739227295},"rotation":{"x":-0.06364225596189499,"y":0.9356549382209778,"z":-0.26348888874053957,"w":-0.2259976714849472},"size":2.6688427925109865,"orthographic":false}